{
  "id": "dba950fd-3ae0-45c7-8f0c-4e48d06d24e3",
  "name": "fact-category",
  "isOverridable": true,
  "entries": [
    {
      "value": "history",
      "synonyms": [
        "history",
        "Google\u0027s history",
        "past",
        "Google\u0027s past",
        "history of Google"
      ]
    },
    {
      "value": "headquarters",
      "synonyms": [
        "headquarters",
        "HQ",
        "Google\u0027s headquarters",
        "Google HQ",
        "Googleplex"
      ]
    }
  ],
  "isEnum": false,
  "automatedExpansion": false
}